{
  "exp1_multistart": {
    "K": {
      "true": 1.0,
      "cv_near": 3.1371055472565073,
      "min": 0.468329022740532,
      "max": 0.5023329111610959
    },
    "n": {
      "true": 3.0,
      "cv_near": 13.736811958328923,
      "min": 2.1632700831424074,
      "max": 2.939445724985296
    },
    "vmax": {
      "true": 1.0,
      "cv_near": 16.688765078224332,
      "min": 0.5590652582149022,
      "max": 0.7994711545822332
    },
    "Km": {
      "true": 0.5,
      "cv_near": 13.89782840971939,
      "min": 0.5286769185142592,
      "max": 0.7345763973290571
    },
    "h": {
      "true": 2.0,
      "cv_near": 13.579244392887034,
      "min": 4.871246705488685,
      "max": 6.790802718477899
    },
    "Vmax": {
      "true": 20.0,
      "cv_near": 49.0750369078877,
      "min": 20.08543193988834,
      "max": 53.14263356715354
    },
    "corr_n_h": -0.9051491873530395,
    "_near_frac": 0.075,
    "comp_relRMSE_median": 0.0659851325709674
  },
  "exp1_profile_n": {
    "span": 0.0012142911911969811,
    "argmin": 2.5,
    "true": 3.0,
    "grid": [
      1.0,
      1.5,
      2.0,
      2.5,
      3.0,
      4.0,
      5.0,
      7.0,
      10.0
    ],
    "loss": [
      0.000454927421950746,
      0.0003966088944915569,
      0.00042759588301732876,
      0.00038940326715164453,
      0.00041756442494667034,
      0.0005240536805406482,
      0.0007086000084228772,
      0.001110115207665796,
      0.0016036944583486257
    ]
  },
  "exp1_profile_h": {
    "span": 0.00034185666516473034,
    "argmin": 5.0,
    "true": 2.0,
    "grid": [
      1.0,
      1.5,
      2.0,
      3.0,
      5.0
    ],
    "loss": [
      0.000754357092811464,
      0.0005915707794719172,
      0.0006215835426210958,
      0.00043077479221942383,
      0.00041250042764673367
    ]
  },
  "exp2_multistart": {
    "K": {
      "true": 1.0,
      "cv_near": 1.132209867786216,
      "min": 0.7650401277727061,
      "max": 0.8118940728023815
    },
    "n": {
      "true": 3.0,
      "cv_near": 2.894090465243568,
      "min": 4.387740585524735,
      "max": 5.177569859047538
    },
    "vmax": {
      "true": 1.0,
      "cv_near": 1.429075644971567,
      "min": 0.6732841460357332,
      "max": 0.7232195733292073
    },
    "Km": {
      "true": 0.5,
      "cv_near": 0.5940326979376613,
      "min": 0.608887032010421,
      "max": 0.6357049890798607
    },
    "h": {
      "true": 2.0,
      "cv_near": 0.23591740105798908,
      "min": 1.7115512908402202,
      "max": 1.7425948954257937
    },
    "Vmax": {
      "true": 20.0,
      "cv_near": 0.4642824232989188,
      "min": 23.816761315240015,
      "max": 24.639402894775454
    },
    "corr_n_h": 0.3775828024164481,
    "_near_frac": 1.0,
    "comp_relRMSE_median": 0.14110476206150843
  },
  "exp2_profile_n": {
    "span": 0.016714063760842363,
    "argmin": 5.0,
    "true": 3.0,
    "grid": [
      1.0,
      1.5,
      2.0,
      2.5,
      3.0,
      4.0,
      5.0,
      7.0,
      10.0
    ],
    "loss": [
      0.038960781609631095,
      0.028738247631234004,
      0.026373786432854426,
      0.024816262459734745,
      0.023722771469929394,
      0.022601135314746185,
      0.022246717848788733,
      0.0225402963830254,
      0.023443895197124576
    ]
  },
  "exp2_profile_h": {
    "span": 0.24028062520911392,
    "argmin": 2.0,
    "true": 2.0,
    "grid": [
      1.0,
      1.5,
      2.0,
      3.0,
      5.0
    ],
    "loss": [
      0.09665044321804872,
      0.027727221278129266,
      0.027631753768996972,
      0.09885136097003487,
      0.2679123789781109
    ]
  }
}